{
  "generated_at": "2025-08-19 07:02:25",
  "repo_root": "/mnt/data/armanvarzesh_v42_work/armanvarzesh_v42",
  "files_total": 2785,
  "extensions": {
    ".js": 92,
    ".md": 163,
    ".yaml": 143,
    ".txt": 5,
    ".toml": 2,
    ".yml": 307,
    ".ts": 1341,
    ".json": 153,
    ".placeholder": 1,
    ".sh": 36,
    ".example": 43,
    ".cjs": 1,
    ".html": 12,
    ".sql": 7,
    ".tf": 2,
    ".frontend": 1,
    ".admin-panel": 1,
    ".backend": 1,
    ".mobile": 1,
    ".tpl": 5,
    ".gql": 1,
    ".tsx": 340,
    ".csv": 1,
    ".jpg": 8,
    ".ico": 1,
    ".__": 1,
    ".png": 37,
    ".ttf": 5,
    ".css": 6,
    ".mjs": 1,
    ".prisma": 8
  },
  "packages_detected": [
    ".",
    "packages/infra",
    "packages/ui-components",
    "packages/integration",
    "packages/contracts",
    "packages/shared",
    "packages/observability",
    "packages/contracts-tests",
    "packages/graphql-dataloader",
    "packages/resilience",
    "packages/http-client",
    "packages/cache-std",
    "packages/service-kit",
    "packages/ui-tokens",
    "packages/graphql-utils",
    "apps/vitrin-site",
    "apps/armanfit-admin",
    "apps/coach-app",
    "apps/backend",
    "apps/media-worker",
    "apps/user-app",
    "services/payments-service",
    "services/predictive-service",
    "services/ai-service",
    "services/vip-service",
    "services/nutrition-service",
    "services/reward-service",
    "services/chat-service",
    "services/marketplace-service",
    "services/media-worker",
    "services/assessment-service",
    "services/monitoring-service",
    "services/coaches-service",
    "services/notifications-service",
    "services/workouts-service",
    "services/auth-service",
    "services/content-service",
    "services/challenges-service",
    "services/courses-service",
    "services/users-service",
    "services/affiliate-service"
  ],
  "workspace_patterns": [
    "apps/*",
    "packages/*",
    "services/*"
  ],
  "changes": {
    "added": [
      ".dockerignore",
      "ENVIRONMENT_REFERENCE.md",
      "tsconfig.build.json",
      "packages/infra/tsconfig.build.json",
      "packages/ui-components/tsconfig.build.json",
      "packages/contracts/tsconfig.json",
      "packages/contracts/tsconfig.build.json",
      "packages/shared/tsconfig.build.json",
      "packages/observability/tsconfig.build.json",
      "packages/graphql-dataloader/tsconfig.build.json",
      "packages/resilience/tsconfig.build.json",
      "packages/http-client/tsconfig.build.json",
      "packages/cache-std/tsconfig.build.json",
      "packages/ui-tokens/tsconfig.build.json",
      "packages/graphql-utils/tsconfig.build.json",
      "apps/vitrin-site/tsconfig.build.json",
      "apps/coach-app/tsconfig.build.json",
      "apps/media-worker/tsconfig.build.json",
      "apps/user-app/tsconfig.build.json",
      "packages/service-kit/Dockerfile",
      "SECURITY_CHECKLIST.md",
      "TECHNOLOGY_MATRIX.md"
    ],
    "updated": [
      "pnpm-workspace.yaml",
      ".npmrc",
      ".editorconfig",
      ".gitignore",
      "tsconfig.base.json",
      ".env.example",
      ".github/actions/setup-node-pnpm/action.yml",
      ".github/workflows/ci.yml",
      ".github/workflows/security.yml",
      ".github/workflows/lighthouse.yml",
      "./package.json",
      "packages/infra/package.json",
      "packages/ui-components/package.json",
      "packages/integration/package.json",
      "packages/contracts/package.json",
      "packages/shared/package.json",
      "packages/observability/package.json",
      "packages/contracts-tests/package.json",
      "packages/graphql-dataloader/package.json",
      "packages/resilience/package.json",
      "packages/http-client/package.json",
      "packages/cache-std/package.json",
      "packages/service-kit/package.json",
      "packages/ui-tokens/package.json",
      "packages/graphql-utils/package.json",
      "apps/vitrin-site/package.json",
      "apps/armanfit-admin/package.json",
      "apps/coach-app/package.json",
      "apps/backend/package.json",
      "apps/media-worker/package.json",
      "apps/user-app/package.json",
      "services/payments-service/package.json",
      "services/predictive-service/package.json",
      "services/ai-service/package.json",
      "services/vip-service/package.json",
      "services/nutrition-service/package.json",
      "services/reward-service/package.json",
      "services/chat-service/package.json",
      "services/marketplace-service/package.json",
      "services/media-worker/package.json",
      "services/assessment-service/package.json",
      "services/monitoring-service/package.json",
      "services/coaches-service/package.json",
      "services/notifications-service/package.json",
      "services/workouts-service/package.json",
      "services/auth-service/package.json",
      "services/content-service/package.json",
      "services/challenges-service/package.json",
      "services/courses-service/package.json",
      "services/users-service/package.json",
      "services/affiliate-service/package.json",
      "tsconfig.json",
      "packages/ui-components/tsconfig.json",
      "packages/shared/tsconfig.json",
      "packages/http-client/tsconfig.json",
      "packages/ui-tokens/tsconfig.json",
      "apps/vitrin-site/tsconfig.json",
      "apps/armanfit-admin/tsconfig.json",
      "apps/coach-app/tsconfig.json",
      "apps/backend/tsconfig.json",
      "apps/user-app/tsconfig.json",
      "services/payments-service/tsconfig.json",
      "services/predictive-service/tsconfig.json",
      "services/ai-service/tsconfig.json",
      "services/nutrition-service/tsconfig.json",
      "services/chat-service/tsconfig.json",
      "services/marketplace-service/tsconfig.json",
      "services/assessment-service/tsconfig.json",
      "services/monitoring-service/tsconfig.json",
      "services/coaches-service/tsconfig.json",
      "services/notifications-service/tsconfig.json",
      "services/workouts-service/tsconfig.json",
      "services/auth-service/tsconfig.json",
      "services/content-service/tsconfig.json",
      "services/challenges-service/tsconfig.json",
      "services/courses-service/tsconfig.json",
      "services/users-service/tsconfig.json",
      "CHANGELOG.md"
    ],
    "removed": []
  }
}