{
  "apps": {
    "admin-legacy": "apps/admin-legacy",
    "admin-web": "apps/admin-web",
    "coach-app-legacy": "apps/coach-app-legacy",
    "coach-pwa-legacy": "apps/coach-pwa-legacy",
    "site-web-legacy": "apps/site-web-legacy",
    "user-app-legacy": "apps/user-app-legacy",
    "user-pwa-legacy": "apps/user-pwa-legacy",
    "web-site": "apps/web-site"
  },
  "packages": {
    "api": "packages/api",
    "async-utils": "packages/async-utils",
    "auth": "packages/auth",
    "auth-kit": "packages/auth-kit",
    "awards-engine": "packages/awards-engine",
    "backend": "packages/backend",
    "cache-std": "packages/cache-std",
    "client-live": "packages/client-live",
    "config": "packages/config",
    "contracts": "packages/contracts",
    "contracts-tests": "packages/contracts-tests",
    "data": "packages/data",
    "db": "packages/db",
    "env-config": "packages/env-config",
    "graphql": "packages/graphql",
    "graphql-dataloader": "packages/graphql-dataloader",
    "graphql-utils": "packages/graphql-utils",
    "http-client": "packages/http-client",
    "i18n": "packages/i18n",
    "infra": "packages/infra",
    "integration": "packages/integration",
    "integrations": "packages/integrations",
    "libs": "packages/libs",
    "media": "packages/media",
    "network": "packages/network",
    "observability": "packages/observability",
    "observability-sdk": "packages/observability-sdk",
    "resilience": "packages/resilience",
    "security": "packages/security",
    "security-middleware": "packages/security-middleware",
    "seo": "packages/seo",
    "service-kit": "packages/service-kit",
    "shared": "packages/shared",
    "state": "packages/state",
    "storage": "packages/storage",
    "templates": "packages/templates",
    "theme": "packages/theme",
    "training-load-engine": "packages/training-load-engine",
    "ui": "packages/ui",
    "ui-components": "packages/ui-components",
    "ui-kit": "packages/ui-kit",
    "ui-kit-live": "packages/ui-kit-live",
    "ui-mobile": "packages/ui-mobile",
    "ui-tokens": "packages/ui-tokens",
    "utils": "packages/utils",
    "web-core": "packages/web-core"
  },
  "services": {
    "activities-service": "services/activities-service",
    "affiliate-service": "services/affiliate-service",
    "ai-service": "services/ai-service",
    "analytics-collector": "services/analytics-collector",
    "analytics-service": "services/analytics-service",
    "api-gateway": "services/api-gateway",
    "assessment-service": "services/assessment-service",
    "assessments-service": "services/assessments-service",
    "auth-service": "services/auth-service",
    "booking-service": "services/booking-service",
    "certificate-service": "services/certificate-service",
    "challenges-service": "services/challenges-service",
    "chat-service": "services/chat-service",
    "coach-service": "services/coach-service",
    "coaches-service": "services/coaches-service",
    "content-service": "services/content-service",
    "courses-service": "services/courses-service",
    "graphql-gateway": "services/graphql-gateway",
    "inbox-service": "services/inbox-service",
    "kpis-service": "services/kpis-service",
    "marketplace-service": "services/marketplace-service",
    "media-worker": "services/media-worker",
    "medical-service": "services/medical-service",
    "monitoring-service": "services/monitoring-service",
    "notifications-service": "services/notifications-service",
    "nutrition-service": "services/nutrition-service",
    "payments-service": "services/payments-service",
    "physio-service": "services/physio-service",
    "predictive-service": "services/predictive-service",
    "reward-service": "services/reward-service",
    "rewards-service": "services/rewards-service",
    "users-service": "services/users-service",
    "vip-service": "services/vip-service",
    "workers": "services/workers",
    "workouts-service": "services/workouts-service"
  },
  "tools": {
    "admin-rbac": "tools/admin-rbac",
    "api-map": "tools/api-map",
    "audit": "tools/audit",
    "autofix": "tools/autofix",
    "cd": "tools/cd",
    "ci": "tools/ci",
    "clients": "tools/clients",
    "db": "tools/db",
    "e2e": "tools/e2e",
    "env": "tools/env",
    "final": "tools/final",
    "lighthouse": "tools/lighthouse",
    "observability": "tools/observability",
    "parity-check": "tools/parity-check",
    "perf": "tools/perf",
    "prisma-plan": "tools/prisma-plan",
    "pwa": "tools/pwa",
    "qa": "tools/qa",
    "queues-plan": "tools/queues-plan",
    "release": "tools/release",
    "security": "tools/security",
    "seed": "tools/seed",
    "signoff": "tools/signoff",
    "smoke": "tools/smoke",
    "test": "tools/test",
    "verify": "tools/verify"
  },
  "tests": {
    ".github": "tests/.github",
    ".github_10": "tests/.github_10",
    ".github_11": "tests/.github_11",
    ".github_12": "tests/.github_12",
    ".github_13": "tests/.github_13",
    ".github_14": "tests/.github_14",
    ".github_15": "tests/.github_15",
    ".github_16": "tests/.github_16",
    ".github_17": "tests/.github_17",
    ".github_18": "tests/.github_18",
    ".github_19": "tests/.github_19",
    ".github_2": "tests/.github_2",
    ".github_20": "tests/.github_20",
    ".github_21": "tests/.github_21",
    ".github_22": "tests/.github_22",
    ".github_23": "tests/.github_23",
    ".github_24": "tests/.github_24",
    ".github_25": "tests/.github_25",
    ".github_26": "tests/.github_26",
    ".github_27": "tests/.github_27",
    ".github_28": "tests/.github_28",
    ".github_29": "tests/.github_29",
    ".github_3": "tests/.github_3",
    ".github_30": "tests/.github_30",
    ".github_31": "tests/.github_31",
    ".github_32": "tests/.github_32",
    ".github_33": "tests/.github_33",
    ".github_34": "tests/.github_34",
    ".github_35": "tests/.github_35",
    ".github_36": "tests/.github_36",
    ".github_37": "tests/.github_37",
    ".github_38": "tests/.github_38",
    ".github_39": "tests/.github_39",
    ".github_4": "tests/.github_4",
    ".github_40": "tests/.github_40",
    ".github_41": "tests/.github_41",
    ".github_42": "tests/.github_42",
    ".github_43": "tests/.github_43",
    ".github_44": "tests/.github_44",
    ".github_45": "tests/.github_45",
    ".github_46": "tests/.github_46",
    ".github_47": "tests/.github_47",
    ".github_48": "tests/.github_48",
    ".github_49": "tests/.github_49",
    ".github_5": "tests/.github_5",
    ".github_6": "tests/.github_6",
    ".github_7": "tests/.github_7",
    ".github_8": "tests/.github_8",
    ".github_9": "tests/.github_9",
    "a11y": "tests/a11y",
    "admin-panel": "tests/admin-panel",
    "backend": "tests/backend",
    "e2e": "tests/e2e",
    "frontend": "tests/frontend",
    "github": "tests/github",
    "load": "tests/load",
    "mobile": "tests/mobile",
    "src": "tests/src",
    "staging": "tests/staging",
    "test-legacy": "tests/test-legacy",
    "web": "tests/web"
  },
  "docs": [
    "docs/PHASE3_CHANGES.json",
    "docs/CHAOS_EXERCISES.md",
    "docs/Phase4-Launch-Guide.md",
    "docs/REPORT.fa.html",
    "docs/ARCHITECTURE_BOUNDARIES.md",
    "docs/architecture.md",
    "docs/ENVIRONMENT.md",
    "docs/ci-cd.md",
    "docs/README.md",
    "docs/PHASE5_HTTPCLIENT_CODEMOD.md",
    "docs/SLOs.md",
    "docs/LIVE_PHASE_B_rbac_cors_helmet_metrics.md",
    "docs/LIVE_PHASE_B_hardening_tests_ci.md",
    "docs/OTEL_SETUP.md",
    "docs/pwa_readme.md",
    "docs/SLO_ERROR_BUDGET.md",
    "docs/PHASE3_SECURITY_SUMMARY.md",
    "docs/PHASE6_APOLLO_E2E.md",
    "docs/DEPLOYMENT.md",
    "docs/PHASE2_CODE_AUDIT.md",
    "docs/OPERATIONS_GUIDE.md",
    "docs/FOOD_SEED_EXAMPLES.md",
    "docs/PHASE2_REMEDIATION_PLAN.md",
    "docs/PHASE2_ISSUES.json",
    "docs/PHASE3_EXECUTION_SUMMARY.md",
    "docs/CANARY_ROLLOUT.md",
    "docs/SECURITY_HARDENING.md",
    "docs/CHANGELOG_20250820T103445Z.md",
    "docs/DEPLOYMENT.fa.html",
    "docs/AUDIT_UPDATE.fa.html",
    "docs/env-matrix.md",
    "docs/testing.md",
    "docs/HARDENING-NOTES.md",
    "docs/LIVE_PHASE_B_metrics_admin_guard.md",
    "docs/VITRIN_ACCEPTANCE_CHECKLIST.md",
    "docs/PHASE7_E2E_APOLLO_CONTRACTS.md",
    "docs/QA_TEST_CHECKLIST.md",
    "docs/LIVE_PHASE_B_revenue_aggregate_guard.md",
    "docs/PHASE1_HARDENING_SUMMARY.md",
    "docs/PR_FINAL_PHASES_1_5.md",
    "docs/MEDIA_PIPELINE.md",
    "docs/LIVE_PHASE_A_replay_prisma.md",
    "docs/AUDIT_REPORT.html",
    "docs/runbook.md",
    "docs/RELEASE_CHECKLIST.md",
    "docs/INCIDENT_RUNBOOK.md",
    "docs/CHANGES_PHASE1.md",
    "docs/READINESS_MATRIX.csv",
    "docs/ARCHITECTURE.md",
    "docs/RUNBOOK.md",
    "docs/PHASE4_RESILIENCE_TESTS.md",
    "docs/Phase2-Plan.md",
    "docs/FINAL-CHECKLIST.md",
    "docs/RELEASE_NOTES_PHASE12.md",
    "docs/RELEASE_NOTES_PHASE25.md",
    "docs/RELEASE_NOTES_FINAL.md",
    "docs/BUILD_REPORT.md",
    "docs/STEP15_PLATFORM_NOTES.md",
    "docs/BUILD_NOTES.md",
    "docs/RELEASE_NOTES_PHASE5.md",
    "docs/RELEASE_NOTES_PHASE14.md",
    "docs/RELEASE_NOTES_PHASE1.md",
    "docs/RELEASE_NOTES_PHASE15.md",
    "docs/RELEASE_NOTES_PHASE9.md",
    "docs/BUILD_GUIDE.md",
    "docs/APPLICATION_REPORT.txt",
    "docs/RELEASE_NOTES_PHASE24.md",
    "docs/ROLLBACK_AND_ROLLOUT_NOTES.md",
    "docs/RELEASE_NOTES_TEMPLATE.md",
    "docs/VERSION_SYNC_NOTES.md",
    "docs/RELEASE_NOTES_PHASE6.md",
    "docs/RELEASE_NOTES_PHASE22.md",
    "docs/RELEASE_NOTES_PHASE7.md",
    "docs/RELEASE_NOTES_PHASE8.md",
    "docs/RELEASE_NOTES_PHASE3.md",
    "docs/RELEASE_NOTES_PHASE21.md",
    "docs/RELEASE_NOTES_PHASE4.md",
    "docs/RELEASE_NOTES_PHASE20.md",
    "docs/RELEASE_NOTES_PHASE13.md",
    "docs/RELEASE_NOTES_PHASE2.md",
    "docs/RELEASE_NOTES_PHASE23.md",
    "docs/PERF_A11Y_NOTES.md",
    "docs/RELEASE_NOTES_PHASE11.md",
    "docs/RELEASE_NOTES_PHASE10.md",
    "docs/RELEASE_NOTES_PRO_FINAL.md",
    "docs/SECURITY_NOTES.md",
    "docs/perf/budgets-and-slos.md",
    "docs/perf/phase3-benchmarks.md",
    "docs/incident/postmortem-template.md",
    "docs/adr/ADR-2025-08-30-phase3.md",
    "docs/adr/ADR-0002-backend-stack.md",
    "docs/adr/ADR-2025-08-30-phase9-jwks-cb.md",
    "docs/adr/ADR-2025-08-30-phase1.md",
    "docs/adr/0004-observability.md",
    "docs/adr/ADR-2025-08-30-phase4.md",
    "docs/adr/ADR-0001-monorepo.md",
    "docs/adr/0002-security-jwt-cors.md",
    "docs/adr/_TEMPLATE.md",
    "docs/adr/0003-cicd-unified.md",
    "docs/adr/0001-governance-baseline.md",
    "docs/adr/ADR-2025-08-30-phase5.md",
    "docs/adr/ADR-2025-08-30-phase2.md",
    "docs/runbook/ONCALL.md",
    "docs/security/csp-and-mesh.md",
    "docs/service_snapshots/armanfit-user.md",
    "docs/service_snapshots/monitoring-service.md",
    "docs/service_snapshots/users-service.md",
    "docs/service_snapshots/coaches-service.md",
    "docs/service_snapshots/arman_backend.md",
    "docs/service_snapshots/content-service.md",
    "docs/service_snapshots/assessment-service.md",
    "docs/service_snapshots/affiliate-service.md",
    "docs/service_snapshots/vip-service.md",
    "docs/service_snapshots/auth-service.md",
    "docs/service_snapshots/ai-service.md",
    "docs/service_snapshots/nutrition-service.md",
    "docs/service_snapshots/workouts-service.md",
    "docs/service_snapshots/predictive-service.md",
    "docs/service_snapshots/chat-service.md",
    "docs/service_snapshots/notifications-service.md",
    "docs/service_snapshots/arman_media-worker.md",
    "docs/service_snapshots/courses-service.md",
    "docs/service_snapshots/armanfit-coach.md",
    "docs/service_snapshots/marketplace-service.md",
    "docs/service_snapshots/armanfit-admin.md",
    "docs/service_snapshots/challenges-service.md",
    "docs/service_snapshots/vitrin-site.md",
    "docs/service_snapshots/reward-service.md",
    "docs/service_snapshots/payments-service.md",
    "docs/fa/__o__i__________o______u__o____o____________o______u______o______o__n__-__o__y__u___e____o____________o____a17485c2.html",
    "docs/fa/__o__i__________o______u__o____o____________o______u______o______o__n__-__o__y__u___e____o____________o____b1dc7cb2.html",
    "docs/fa/__o__i__________o______u__o____o____________o______u______o______o__n__-__o__y__u___e____o____________o____2d0bf49f.html",
    "docs/fa/__o__i__________o______u__o____o____________o______u______o______o__n__-__o__y__u___e____o____________o____e30ce42e.html",
    "docs/fa/__o__i__________o______u__o____o____________o______u______o______o__n__-__o__y__u___e____o____________o____d991eb5f.html",
    "docs/fa/__o__i__________o______u__o____o____________o______u______o______o__n__-__o____________o____________o______a8739201.html",
    "docs/fa/__o__i__________o______u__o____o____________o______u______o______o__n__-__o__y__u___e____o____________o____9c0742d4.html",
    "docs/fa/__o__i__________o______u__o____o____________o______u______o______o__n__-__o__y__u___e____o____________o____4840608f.html",
    "docs/14-day-plan/README.md",
    "docs/14-day-plan/PHASE2_IMPLEMENTATION_REPORT.md",
    "docs/14-day-plan/PHASE1_IMPLEMENTATION_REPORT.md",
    "docs/14-day-plan/PHASE3_IMPLEMENTATION_REPORT.md",
    "docs/14-day-plan/PHASE4_IMPLEMENTATION_REPORT.md",
    "docs/ops/smoke.postman_collection.json",
    "docs/ops/Fix_Nest_JWT_CLI_Versions.md",
    "docs/ops/Testing_Guide.md",
    "docs/ops/Version_Hardening.md",
    "docs/ops/Registry_Offline_Playbook.md",
    "docs/ops/runbook.md",
    "docs/ops/launch_simulation/Launch_Simulation_StepByStep.md",
    "docs/observability/grafana/backend-kpis.json",
    "docs/operations/runbook.md",
    "docs/ADR/ADR-003-Observability.md",
    "docs/ADR/ADR-001-Comms-Standard.md",
    "docs/ADR/ADR-004-HA-Posture.md",
    "docs/ADR/ADR-0002.md",
    "docs/ADR/ADR-002-Caching-Strategy.md",
    "docs/ADR/ADR-0003.md",
    "docs/ADR/ADR-0001.md",
    "docs/runbooks/backup-restore.md",
    "docs/runbooks/incident.md",
    "docs/runbooks/rollback.md",
    "docs/release/final-build-config-review.md",
    "docs/release/vcs-checklist.md",
    "docs/release/final-dependency-check.md",
    "docs/audit/REPORT.md",
    "docs/audit/Security_Findings.md",
    "docs/audit/report.json",
    "docs/audit/Test_Plan_and_Specs.md",
    "docs/audit/Launch_Runbook_Checklist.md",
    "docs/audit/Frontend_Audit_Lighthouse.md",
    "docs/audit/armanvarzesh_v81_report_full_dark_print.html",
    "docs/audit/Executive_Summary.md",
    "docs/audit/Project_Map.md",
    "docs/audit/ArmanVarzesh_Audit_Report_EN_v2.html",
    "docs/audit/Fix_Plan.md",
    "docs/Phase5/Validation-Report-Skeleton.md",
    "docs/Phase5/lh-budget.json",
    "docs/Phase5/PWA-Parity-Checklist.csv",
    "docs/Phase5/UAT-Physio.md",
    "docs/Phase5/UAT-CertificateQR.md",
    "docs/Phase5/Phase5-Validation-Plan.md",
    "docs/Phase5/UAT-Booking.md",
    "docs/Phase5/Validation-Plan.md",
    "docs/Phase5/UAT-Affiliate.md",
    "docs/Phase5/Validation-GoLive-Report-TEMPLATE.md",
    "docs/Phase5/Rollback-Plan.md",
    "docs/Phase5/Env-Matrix.csv",
    "docs/Phase5/UAT-VIP.md",
    "docs/Phase5/Admin-Operations-Checklist.csv",
    "docs/Phase5/UAT/05-Physio.md",
    "docs/Phase5/UAT/07-Certificate-QR.md",
    "docs/Phase5/UAT/03-Payments-VIP.md",
    "docs/Phase5/UAT/06-Affiliate.md",
    "docs/Phase5/UAT/02-Booking.md",
    "docs/Phase5/UAT/01-Workout-Training.md",
    "docs/Phase5/UAT/04-Courses.md",
    "docs/Phase5/checklists/admin_ops_checklist.csv",
    "docs/Phase5/checklists/env_matrix.csv",
    "docs/Phase5/checklists/pwa_parity_checklist.csv",
    "docs/Phase5/checklists/observability_checklist.csv",
    "docs/Phase5/checklists/rbac_checklist.csv",
    "docs/performance/app-size-optimizations.md",
    "docs/performance/ui-render-profiling.md",
    "docs/performance/memory-management.md",
    "docs/api/schema.graphql",
    "docs/api/openapi.yaml",
    "docs/Merge-Report/diff_006.patch",
    "docs/Merge-Report/diff_005.patch",
    "docs/Merge-Report/diff_004.patch",
    "docs/Merge-Report/diff_003.patch",
    "docs/Merge-Report/Merge_Summary.md",
    "docs/Merge-Report/diff_008.patch",
    "docs/Merge-Report/diff_001.patch",
    "docs/Merge-Report/diff_007.patch",
    "docs/Merge-Report/diff_002.patch",
    "docs/Merge-Report/diff_009.patch",
    "docs/migrations/phase-archives/phase1/README.md",
    "docs/migrations/phase-archives/phase2/README.md",
    "docs/migrations/phase-archives/phase3/README.md",
    "docs/migrations/phase-archives/phase4/README.md"
  ]
}