{
  "timestamp": "2025-08-23T11:22:56.850760Z",
  "patched_entries": [
    {
      "entry": "apps/activity-subgraph/src/main.ts",
      "result": "patched"
    },
    {
      "entry": "apps/armanfit-admin/src/main.ts",
      "result": "patched"
    },
    {
      "entry": "apps/backend/src/main.ts",
      "result": "patched"
    },
    {
      "entry": "apps/live-subgraph/src/main.ts",
      "result": "patched"
    },
    {
      "entry": "apps/social-subgraph/src/main.ts",
      "result": "patched"
    },
    {
      "entry": "packages/contracts/src/main.ts",
      "result": "patched"
    },
    {
      "entry": "packages/service-kit/src/main.ts",
      "result": "patched"
    },
    {
      "entry": "packages/shared/src/main.ts",
      "result": "patched"
    },
    {
      "entry": "packages/ui-components/src/main.ts",
      "result": "patched"
    },
    {
      "entry": "packages/ui-tokens/src/main.ts",
      "result": "patched"
    },
    {
      "entry": "services/affiliate-service/src/main.ts",
      "result": "patched"
    },
    {
      "entry": "services/ai-service/src/main.ts",
      "result": "patched"
    },
    {
      "entry": "services/analytics-collector/src/index.ts",
      "result": "patched"
    },
    {
      "entry": "services/analytics-service/src/main.ts",
      "result": "patched"
    },
    {
      "entry": "services/assessment-service/src/main.ts",
      "result": "patched"
    },
    {
      "entry": "services/assessments-service/src/main.ts",
      "result": "patched"
    },
    {
      "entry": "services/auth-service/src/main.ts",
      "result": "patched"
    },
    {
      "entry": "services/booking-service/src/main.ts",
      "result": "patched"
    },
    {
      "entry": "services/certificate-service/src/main.ts",
      "result": "patched"
    },
    {
      "entry": "services/challenges-service/src/main.ts",
      "result": "patched"
    },
    {
      "entry": "services/chat-service/src/main.ts",
      "result": "patched"
    },
    {
      "entry": "services/coaches-service/src/main.ts",
      "result": "patched"
    },
    {
      "entry": "services/content-service/src/main.ts",
      "result": "patched"
    },
    {
      "entry": "services/courses-service/src/main.ts",
      "result": "patched"
    },
    {
      "entry": "services/marketplace-service/src/main.ts",
      "result": "patched"
    },
    {
      "entry": "services/monitoring-service/src/main.ts",
      "result": "patched"
    },
    {
      "entry": "services/notifications-service/src/main.ts",
      "result": "patched"
    },
    {
      "entry": "services/nutrition-service/src/main.ts",
      "result": "patched"
    },
    {
      "entry": "services/payments-service/src/main.ts",
      "result": "patched"
    },
    {
      "entry": "services/physio-service/src/main.ts",
      "result": "patched"
    },
    {
      "entry": "services/predictive-service/src/main.ts",
      "result": "patched"
    },
    {
      "entry": "services/reward-service/src/main.ts",
      "result": "patched"
    },
    {
      "entry": "services/rewards-service/src/main.ts",
      "result": "patched"
    },
    {
      "entry": "services/users-service/src/main.ts",
      "result": "patched"
    },
    {
      "entry": "services/vip-service/src/main.ts",
      "result": "patched"
    },
    {
      "entry": "services/workouts-service/src/main.ts",
      "result": "patched"
    }
  ],
  "security_middleware_extended": true
}